{
  "numerical_statistics": {
    "age": {
      "mean_difference": 6.006799999999984,
      "std_difference": 11.132920449031289,
      "relative_mean_error": 0.1492105759963431,
      "real_quartiles": [
        "19.75",
        "41.5",
        "59.25"
      ],
      "synthetic_quartiles": [
        "38.9",
        "45.2",
        "62.7"
      ]
    },
    "bmi": {
      "mean_difference": 1.04300000000001,
      "std_difference": 2.1837722045131507,
      "relative_mean_error": 0.03875162548764667,
      "real_quartiles": [
        "22.6875",
        "27.32",
        "27.915"
      ],
      "synthetic_quartiles": [
        "24.3",
        "28.5",
        "32.1"
      ]
    },
    "HbA1c_level": {
      "mean_difference": 0.030999999999998806,
      "std_difference": 0.4334183076657536,
      "relative_mean_error": 0.005448154657293286,
      "real_quartiles": [
        "4.8",
        "6.0",
        "6.5"
      ],
      "synthetic_quartiles": [
        "5.2",
        "5.7",
        "6.8"
      ]
    },
    "blood_glucose_level": {
      "mean_difference": 19.159999999999997,
      "std_difference": 11.801118973588675,
      "relative_mean_error": 0.14104829210836275,
      "real_quartiles": [
        "100.0",
        "142.5",
        "159.0"
      ],
      "synthetic_quartiles": [
        "130.0",
        "155.0",
        "185.0"
      ]
    }
  },
  "categorical_similarity": {
    "gender": {
      "chi2_statistic": 0.0,
      "p_value": 1.0,
      "distribution_difference": {
        "Female": 0.04999999999999993,
        "Male": 0.04999999999999999
      }
    },
    "smoking_history": {
      "chi2_statistic": 0.7436845878136201,
      "p_value": 0.9804854216597568,
      "distribution_difference": {
        "No Info": 0.3,
        "current": 0.30000000000000004,
        "ever": 0.05,
        "former": 0.23000000000000004,
        "never": 0.09999999999999998,
        "not current": 0.08
      }
    },
    "hypertension": {
      "chi2_statistic": 0.0,
      "p_value": 1.0,
      "distribution_difference": {
        "0": 0.27,
        "1": 0.27
      }
    },
    "heart_disease": {
      "chi2_statistic": 0.0,
      "p_value": 1.0,
      "distribution_difference": {
        "0": 0.29999999999999993,
        "1": 0.30000000000000004
      }
    },
    "diabetes": {
      "chi2_statistic": 0.0,
      "p_value": 1.0,
      "distribution_difference": {
        "0": 0.17000000000000004,
        "1": 0.17
      }
    }
  },
  "feature_correlations": {
    "correlation_matrix_distance": 2.2133431618018644,
    "real_correlations": {
      "age": {
        "age": "1.0",
        "bmi": "0.3617441399297491",
        "HbA1c_level": "0.10727327949316677",
        "blood_glucose_level": "-0.09554457239918926"
      },
      "bmi": {
        "age": "0.3617441399297491",
        "bmi": "1.0",
        "HbA1c_level": "0.14739704956111913",
        "blood_glucose_level": "0.010222470876506143"
      },
      "HbA1c_level": {
        "age": "0.10727327949316677",
        "bmi": "0.14739704956111913",
        "HbA1c_level": "1.0",
        "blood_glucose_level": "0.11998058254083832"
      },
      "blood_glucose_level": {
        "age": "-0.09554457239918926",
        "bmi": "0.010222470876506143",
        "HbA1c_level": "0.11998058254083832",
        "blood_glucose_level": "1.0"
      }
    },
    "synthetic_correlations": {
      "age": {
        "age": "1.0",
        "bmi": "0.6980370654365455",
        "HbA1c_level": "0.8471005883664203",
        "blood_glucose_level": "0.7800988912091039"
      },
      "bmi": {
        "age": "0.6980370654365455",
        "bmi": "1.0",
        "HbA1c_level": "0.5172349261360847",
        "blood_glucose_level": "0.7101713874487048"
      },
      "HbA1c_level": {
        "age": "0.8471005883664203",
        "bmi": "0.5172349261360847",
        "HbA1c_level": "1.0",
        "blood_glucose_level": "0.7489055233143578"
      },
      "blood_glucose_level": {
        "age": "0.7800988912091039",
        "bmi": "0.7101713874487048",
        "HbA1c_level": "0.7489055233143578",
        "blood_glucose_level": "1.0"
      }
    }
  },
  "medical_consistency": {
    "hba1c_diabetes_relationship": {
      "real_difference": 2.1111111111111107,
      "synthetic_difference": 1.4581081081081066
    },
    "glucose_diabetes_relationship": {
      "real_difference": 18.490842490842482,
      "synthetic_difference": 40.54054054054055
    }
  },
  "distribution_metrics": {
    "age": {
      "wasserstein": 0.1314422394139851,
      "jensen_shannon": 0.6429212524754261,
      "kl_divergence": 13.188761319335258
    },
    "bmi": {
      "wasserstein": 0.1770634824308376,
      "jensen_shannon": 0.66192839211091,
      "kl_divergence": 17.0747625236521
    },
    "HbA1c_level": {
      "wasserstein": 0.20143530997304593,
      "jensen_shannon": 0.7071214593494365,
      "kl_divergence": 17.078463053863445
    },
    "blood_glucose_level": {
      "wasserstein": 0.2021754385964912,
      "jensen_shannon": 0.7383371297425553,
      "kl_divergence": 17.331146082809667
    }
  },
  "advanced_metrics": {
    "numerical_metrics": {
      "age": {
        "ks_statistic": 0.36,
        "ks_pvalue": 3.751914289152195e-06,
        "quartile_differences": 8.766666666666667,
        "std_difference": 11.132920449031289,
        "range_coverage": 0.5449041372351161
      },
      "bmi": {
        "ks_statistic": 0.33,
        "ks_pvalue": 3.211428734211389e-05,
        "quartile_differences": 2.325833333333334,
        "std_difference": 2.1837722045131507,
        "range_coverage": 0.8037070799149195
      },
      "HbA1c_level": {
        "ks_statistic": 0.27,
        "ks_pvalue": 0.0012935059781377376,
        "quartile_differences": 0.3333333333333333,
        "std_difference": 0.4334183076657536,
        "range_coverage": 0.5283018867924527
      },
      "blood_glucose_level": {
        "ks_statistic": 0.37,
        "ks_pvalue": 1.7527190839835072e-06,
        "quartile_differences": 22.833333333333332,
        "std_difference": 11.801118973588675,
        "range_coverage": 0.5833333333333334
      }
    },
    "categorical_metrics": {
      "gender": {
        "category_preservation": "1.0",
        "distribution_difference": 0.04999999999999996,
        "mutual_information": 0.002883335929762809
      },
      "smoking_history": {
        "category_preservation": "0.5",
        "distribution_difference": 0.17666666666666667,
        "mutual_information": 0.027028264322873093
      }
    },
    "privacy_metrics": {
      "nn_distance_ratio": 0.304570319916114,
      "identifiability_score": "0.0"
    },
    "statistical_tests": {
      "age": {
        "anderson_darling_statistic": 10.99050083061158,
        "anderson_darling_pvalue": 0.001
      },
      "bmi": {
        "anderson_darling_statistic": 7.235704010735597,
        "anderson_darling_pvalue": 0.001
      },
      "HbA1c_level": {
        "anderson_darling_statistic": 8.27695390676761,
        "anderson_darling_pvalue": 0.001
      },
      "blood_glucose_level": {
        "anderson_darling_statistic": 11.88617748063825,
        "anderson_darling_pvalue": 0.001
      }
    }
  },
  "privacy_assessment": {
    "age_violations": {
      "records_below_k": "21",
      "violation_rate": "0.21"
    },
    "gender_violations": {
      "records_below_k": "0",
      "violation_rate": "0.0"
    },
    "bmi_violations": {
      "records_below_k": "20",
      "violation_rate": "0.2"
    },
    "age_gender_violations": {
      "records_below_k": "21",
      "violation_rate": "0.21"
    },
    "age_bmi_violations": {
      "records_below_k": "23",
      "violation_rate": "0.23"
    },
    "gender_bmi_violations": {
      "records_below_k": "21",
      "violation_rate": "0.21"
    },
    "age_gender_bmi_violations": {
      "records_below_k": "23",
      "violation_rate": "0.23"
    }
  }
}