{
  "numerical_statistics": {
    "age": {
      "mean_difference": 5.515799999999992,
      "std_difference": 12.168524192723748,
      "relative_mean_error": 0.13701399998012756,
      "real_quartiles": [
        "19.75",
        "41.5",
        "59.25"
      ],
      "synthetic_quartiles": [
        "38.9",
        "45.2",
        "45.2"
      ]
    },
    "bmi": {
      "mean_difference": 0.4909999999999961,
      "std_difference": 2.0701156713111226,
      "relative_mean_error": 0.018242615641835266,
      "real_quartiles": [
        "22.6875",
        "27.32",
        "27.915"
      ],
      "synthetic_quartiles": [
        "24.3",
        "24.3",
        "32.1"
      ]
    },
    "HbA1c_level": {
      "mean_difference": 0.03799999999999937,
      "std_difference": 0.4598718536120805,
      "relative_mean_error": 0.006678383128295142,
      "real_quartiles": [
        "4.8",
        "6.0",
        "6.5"
      ],
      "synthetic_quartiles": [
        "5.2",
        "5.7",
        "6.8"
      ]
    },
    "blood_glucose_level": {
      "mean_difference": 20.27000000000001,
      "std_difference": 10.673086158371365,
      "relative_mean_error": 0.14921967020023563,
      "real_quartiles": [
        "100.0",
        "142.5",
        "159.0"
      ],
      "synthetic_quartiles": [
        "130.0",
        "155.0",
        "185.0"
      ]
    }
  },
  "categorical_similarity": {
    "gender": {
      "chi2_statistic": 0.0,
      "p_value": 1.0,
      "distribution_difference": {
        "Female": 0.019999999999999907,
        "Male": 0.020000000000000018
      }
    },
    "smoking_history": {
      "chi2_statistic": 0.7919764095039223,
      "p_value": 0.9775422881652066,
      "distribution_difference": {
        "No Info": 0.3,
        "current": 0.27,
        "ever": 0.05,
        "former": 0.3,
        "never": 0.13999999999999999,
        "not current": 0.08
      }
    },
    "hypertension": {
      "chi2_statistic": 0.0,
      "p_value": 1.0,
      "distribution_difference": {
        "0": 0.3500000000000001,
        "1": 0.35
      }
    },
    "heart_disease": {
      "chi2_statistic": 0.0,
      "p_value": 1.0,
      "distribution_difference": {
        "0": 0.36,
        "1": 0.36000000000000004
      }
    },
    "diabetes": {
      "chi2_statistic": 0.0,
      "p_value": 1.0,
      "distribution_difference": {
        "0": 0.24,
        "1": 0.24000000000000002
      }
    }
  },
  "feature_correlations": {
    "correlation_matrix_distance": 2.2409134128708033,
    "real_correlations": {
      "age": {
        "age": "1.0",
        "bmi": "0.3617441399297491",
        "HbA1c_level": "0.10727327949316677",
        "blood_glucose_level": "-0.09554457239918926"
      },
      "bmi": {
        "age": "0.3617441399297491",
        "bmi": "1.0",
        "HbA1c_level": "0.14739704956111913",
        "blood_glucose_level": "0.010222470876506143"
      },
      "HbA1c_level": {
        "age": "0.10727327949316677",
        "bmi": "0.14739704956111913",
        "HbA1c_level": "1.0",
        "blood_glucose_level": "0.11998058254083832"
      },
      "blood_glucose_level": {
        "age": "-0.09554457239918926",
        "bmi": "0.010222470876506143",
        "HbA1c_level": "0.11998058254083832",
        "blood_glucose_level": "1.0"
      }
    },
    "synthetic_correlations": {
      "age": {
        "age": "1.0",
        "bmi": "0.7905327283299385",
        "HbA1c_level": "0.9012327865651178",
        "blood_glucose_level": "0.6357729623373063"
      },
      "bmi": {
        "age": "0.7905327283299385",
        "bmi": "1.0",
        "HbA1c_level": "0.8667204701876887",
        "blood_glucose_level": "0.5373863563891429"
      },
      "HbA1c_level": {
        "age": "0.9012327865651178",
        "bmi": "0.8667204701876887",
        "HbA1c_level": "1.0",
        "blood_glucose_level": "0.7253414892041427"
      },
      "blood_glucose_level": {
        "age": "0.6357729623373063",
        "bmi": "0.5373863563891429",
        "HbA1c_level": "0.7253414892041427",
        "blood_glucose_level": "1.0"
      }
    }
  },
  "medical_consistency": {
    "hba1c_diabetes_relationship": {
      "real_difference": 2.1111111111111107,
      "synthetic_difference": 1.1793758480325645
    },
    "glucose_diabetes_relationship": {
      "real_difference": 18.490842490842482,
      "synthetic_difference": 44.702397105382175
    }
  },
  "distribution_metrics": {
    "age": {
      "wasserstein": 0.1452317501811606,
      "jensen_shannon": 0.7423339320534279,
      "kl_divergence": 18.428891801244276
    },
    "bmi": {
      "wasserstein": 0.31584698451397836,
      "jensen_shannon": 0.7530397941172392,
      "kl_divergence": 18.88864127526945
    },
    "HbA1c_level": {
      "wasserstein": 0.19197763801537399,
      "jensen_shannon": 0.5897205499742526,
      "kl_divergence": 12.802505555576207
    },
    "blood_glucose_level": {
      "wasserstein": 0.14023333333333332,
      "jensen_shannon": 0.7128180776848962,
      "kl_divergence": 12.071072714638545
    }
  },
  "advanced_metrics": {
    "numerical_metrics": {
      "age": {
        "ks_statistic": 0.4,
        "ks_pvalue": 1.5550790371345692e-07,
        "quartile_differences": 12.299999999999999,
        "std_difference": 12.168524192723748,
        "range_coverage": 0.563824419778002
      },
      "bmi": {
        "ks_statistic": 0.25,
        "ks_pvalue": 0.0037294923618311367,
        "quartile_differences": 2.9391666666666674,
        "std_difference": 2.0701156713111226,
        "range_coverage": 0.5062291096931024
      },
      "HbA1c_level": {
        "ks_statistic": 0.29,
        "ks_pvalue": 0.0004117410017938115,
        "quartile_differences": 0.3333333333333333,
        "std_difference": 0.4598718536120805,
        "range_coverage": 0.5094339622641509
      },
      "blood_glucose_level": {
        "ks_statistic": 0.36,
        "ks_pvalue": 3.751914289152195e-06,
        "quartile_differences": 22.833333333333332,
        "std_difference": 10.673086158371365,
        "range_coverage": 0.8333333333333334
      }
    },
    "categorical_metrics": {
      "gender": {
        "category_preservation": "1.0",
        "distribution_difference": 0.019999999999999962,
        "mutual_information": 0.01032356648909244
      },
      "smoking_history": {
        "category_preservation": "0.5",
        "distribution_difference": 0.19000000000000003,
        "mutual_information": 0.05328247826247796
      }
    },
    "privacy_metrics": {
      "nn_distance_ratio": 0.19363273981094728,
      "identifiability_score": "0.0"
    },
    "statistical_tests": {
      "age": {
        "anderson_darling_statistic": 12.285034962948925,
        "anderson_darling_pvalue": 0.001
      },
      "bmi": {
        "anderson_darling_statistic": 2.2478075993818494,
        "anderson_darling_pvalue": "0.03869204673139041"
      },
      "HbA1c_level": {
        "anderson_darling_statistic": 8.835635218942377,
        "anderson_darling_pvalue": 0.001
      },
      "blood_glucose_level": {
        "anderson_darling_statistic": 13.849577633460942,
        "anderson_darling_pvalue": 0.001
      }
    }
  },
  "privacy_assessment": {
    "age_violations": {
      "records_below_k": "12",
      "violation_rate": "0.12"
    },
    "gender_violations": {
      "records_below_k": "0",
      "violation_rate": "0.0"
    },
    "bmi_violations": {
      "records_below_k": "9",
      "violation_rate": "0.09"
    },
    "age_gender_violations": {
      "records_below_k": "16",
      "violation_rate": "0.16"
    },
    "age_bmi_violations": {
      "records_below_k": "14",
      "violation_rate": "0.14"
    },
    "gender_bmi_violations": {
      "records_below_k": "13",
      "violation_rate": "0.13"
    },
    "age_gender_bmi_violations": {
      "records_below_k": "18",
      "violation_rate": "0.18"
    }
  }
}