{
  "numerical_statistics": {
    "age": {
      "mean_difference": 3.9007999999999825,
      "std_difference": 10.63156071598217,
      "relative_mean_error": 0.09689695259481489,
      "real_quartiles": [
        "19.75",
        "41.5",
        "59.25"
      ],
      "synthetic_quartiles": [
        "38.875",
        "39.15",
        "45.2"
      ]
    },
    "bmi": {
      "mean_difference": 0.872000000000007,
      "std_difference": 2.2841127888224264,
      "relative_mean_error": 0.03239829091584645,
      "real_quartiles": [
        "22.6875",
        "27.32",
        "27.915"
      ],
      "synthetic_quartiles": [
        "24.3",
        "28.5",
        "32.1"
      ]
    },
    "HbA1c_level": {
      "mean_difference": 0.034999999999998366,
      "std_difference": 0.4524456881420065,
      "relative_mean_error": 0.006151142355008498,
      "real_quartiles": [
        "4.8",
        "6.0",
        "6.5"
      ],
      "synthetic_quartiles": [
        "5.2",
        "5.65",
        "6.725"
      ]
    },
    "blood_glucose_level": {
      "mean_difference": 17.460000000000008,
      "std_difference": 11.515602759103956,
      "relative_mean_error": 0.1285335689045937,
      "real_quartiles": [
        "100.0",
        "142.5",
        "159.0"
      ],
      "synthetic_quartiles": [
        "130.0",
        "155.0",
        "185.0"
      ]
    }
  },
  "categorical_similarity": {
    "gender": {
      "chi2_statistic": 0.0,
      "p_value": 1.0,
      "distribution_difference": {
        "Female": 0.09999999999999998,
        "Male": 0.09999999999999998
      }
    },
    "smoking_history": {
      "chi2_statistic": 0.7827181418706844,
      "p_value": 0.978122513992615,
      "distribution_difference": {
        "No Info": 0.3,
        "current": 0.33999999999999997,
        "ever": 0.05,
        "former": 0.22000000000000003,
        "never": 0.12999999999999998,
        "not current": 0.08
      }
    },
    "hypertension": {
      "chi2_statistic": 0.0,
      "p_value": 1.0,
      "distribution_difference": {
        "0": 0.31000000000000005,
        "1": 0.31
      }
    },
    "heart_disease": {
      "chi2_statistic": 0.0,
      "p_value": 1.0,
      "distribution_difference": {
        "0": 0.32999999999999996,
        "1": 0.33
      }
    },
    "diabetes": {
      "chi2_statistic": 0.0,
      "p_value": 1.0,
      "distribution_difference": {
        "0": 0.18000000000000005,
        "1": 0.18000000000000002
      }
    }
  },
  "feature_correlations": {
    "correlation_matrix_distance": 2.0537103909025456,
    "real_correlations": {
      "age": {
        "age": "1.0",
        "bmi": "0.3617441399297491",
        "HbA1c_level": "0.10727327949316677",
        "blood_glucose_level": "-0.09554457239918926"
      },
      "bmi": {
        "age": "0.3617441399297491",
        "bmi": "1.0",
        "HbA1c_level": "0.14739704956111913",
        "blood_glucose_level": "0.010222470876506143"
      },
      "HbA1c_level": {
        "age": "0.10727327949316677",
        "bmi": "0.14739704956111913",
        "HbA1c_level": "1.0",
        "blood_glucose_level": "0.11998058254083832"
      },
      "blood_glucose_level": {
        "age": "-0.09554457239918926",
        "bmi": "0.010222470876506143",
        "HbA1c_level": "0.11998058254083832",
        "blood_glucose_level": "1.0"
      }
    },
    "synthetic_correlations": {
      "age": {
        "age": "1.0",
        "bmi": "0.6223069323033167",
        "HbA1c_level": "0.7626543175987084",
        "blood_glucose_level": "0.6498237374948072"
      },
      "bmi": {
        "age": "0.6223069323033167",
        "bmi": "1.0",
        "HbA1c_level": "0.5701607273327953",
        "blood_glucose_level": "0.6066072054790693"
      },
      "HbA1c_level": {
        "age": "0.7626543175987084",
        "bmi": "0.5701607273327953",
        "HbA1c_level": "1.0",
        "blood_glucose_level": "0.8421080745174969"
      },
      "blood_glucose_level": {
        "age": "0.6498237374948072",
        "bmi": "0.6066072054790693",
        "HbA1c_level": "0.8421080745174969",
        "blood_glucose_level": "1.0"
      }
    }
  },
  "medical_consistency": {
    "hba1c_diabetes_relationship": {
      "real_difference": 2.1111111111111107,
      "synthetic_difference": 1.2544393708777264
    },
    "glucose_diabetes_relationship": {
      "real_difference": 18.490842490842482,
      "synthetic_difference": 42.66362252663623
    }
  },
  "distribution_metrics": {
    "age": {
      "wasserstein": 0.11224479777456567,
      "jensen_shannon": 0.6854557058265371,
      "kl_divergence": 15.661294567916617
    },
    "bmi": {
      "wasserstein": 0.08525450044837735,
      "jensen_shannon": 0.6228512405399865,
      "kl_divergence": 13.107304209219386
    },
    "HbA1c_level": {
      "wasserstein": 0.1455458221024259,
      "jensen_shannon": 0.7441323721020017,
      "kl_divergence": 12.380359968572083
    },
    "blood_glucose_level": {
      "wasserstein": 0.17441228070175435,
      "jensen_shannon": 0.6928276407221201,
      "kl_divergence": 14.700238981277915
    }
  },
  "advanced_metrics": {
    "numerical_metrics": {
      "age": {
        "ks_statistic": 0.36,
        "ks_pvalue": 3.751914289152195e-06,
        "quartile_differences": 11.841666666666667,
        "std_difference": 10.63156071598217,
        "range_coverage": 0.5600403632694249
      },
      "bmi": {
        "ks_statistic": 0.34,
        "ks_pvalue": 1.605714367105695e-05,
        "quartile_differences": 2.325833333333334,
        "std_difference": 2.2841127888224264,
        "range_coverage": 0.747493163172288
      },
      "HbA1c_level": {
        "ks_statistic": 0.3,
        "ks_pvalue": 0.0002248739317492479,
        "quartile_differences": 0.3249999999999999,
        "std_difference": 0.4524456881420065,
        "range_coverage": 0.5283018867924527
      },
      "blood_glucose_level": {
        "ks_statistic": 0.35,
        "ks_pvalue": 7.850159128072286e-06,
        "quartile_differences": 22.833333333333332,
        "std_difference": 11.515602759103956,
        "range_coverage": 0.625
      }
    },
    "categorical_metrics": {
      "gender": {
        "category_preservation": "1.0",
        "distribution_difference": 0.09999999999999998,
        "mutual_information": 0.000976207670195961
      },
      "smoking_history": {
        "category_preservation": "0.5",
        "distribution_difference": 0.18666666666666665,
        "mutual_information": 0.12790286350364066
      }
    },
    "privacy_metrics": {
      "nn_distance_ratio": 0.28103415874649235,
      "identifiability_score": "0.0"
    },
    "statistical_tests": {
      "age": {
        "anderson_darling_statistic": 10.393142793222692,
        "anderson_darling_pvalue": 0.001
      },
      "bmi": {
        "anderson_darling_statistic": 5.812799729565407,
        "anderson_darling_pvalue": "0.0017936538150467999"
      },
      "HbA1c_level": {
        "anderson_darling_statistic": 9.31947061688663,
        "anderson_darling_pvalue": 0.001
      },
      "blood_glucose_level": {
        "anderson_darling_statistic": 10.26673233270839,
        "anderson_darling_pvalue": 0.001
      }
    }
  },
  "privacy_assessment": {
    "age_violations": {
      "records_below_k": "27",
      "violation_rate": "0.27"
    },
    "gender_violations": {
      "records_below_k": "0",
      "violation_rate": "0.0"
    },
    "bmi_violations": {
      "records_below_k": "26",
      "violation_rate": "0.26"
    },
    "age_gender_violations": {
      "records_below_k": "28",
      "violation_rate": "0.28"
    },
    "age_bmi_violations": {
      "records_below_k": "30",
      "violation_rate": "0.3"
    },
    "gender_bmi_violations": {
      "records_below_k": "29",
      "violation_rate": "0.29"
    },
    "age_gender_bmi_violations": {
      "records_below_k": "30",
      "violation_rate": "0.3"
    }
  }
}