{
  "numerical_statistics": {
    "age": {
      "mean_difference": 22.3812,
      "std_difference": 2.982351405701653,
      "relative_mean_error": 0.5411472286429974,
      "real_quartiles": [
        "20.75",
        "43.0",
        "60.5"
      ],
      "synthetic_quartiles": [
        "34.0",
        "79.0",
        "79.0"
      ]
    },
    "avg_glucose_level": {
      "mean_difference": 10.086600000000004,
      "std_difference": 0.880192480612827,
      "relative_mean_error": 0.09955250425880931,
      "real_quartiles": [
        "75.67",
        "89.32499999999999",
        "113.2975"
      ],
      "synthetic_quartiles": [
        "76.42",
        "88.92",
        "169.67"
      ]
    },
    "bmi": {
      "mean_difference": 1.269000000000002,
      "std_difference": 4.932913833172558,
      "relative_mean_error": 0.046253098119259435,
      "real_quartiles": [
        "22.425",
        "26.5",
        "32.2"
      ],
      "synthetic_quartiles": [
        "22.9",
        "27.6",
        "28.1"
      ]
    }
  },
  "categorical_similarity": {
    "gender": {
      "chi2_statistic": 0.0,
      "p_value": 1.0,
      "distribution_difference": {
        "Female": 0.33999999999999997,
        "Male": 0.33999999999999997
      }
    },
    "work_type": {
      "chi2_statistic": 0.6490066225165563,
      "p_value": 0.8851273559539503,
      "distribution_difference": {
        "Govt_job": 0.1,
        "Private": 0.49,
        "Self-employed": 0.21,
        "children": 0.18
      }
    },
    "Residence_type": {
      "chi2_statistic": 0.0,
      "p_value": 1.0,
      "distribution_difference": {
        "Rural": 0.10000000000000009,
        "Urban": 0.09999999999999998
      }
    },
    "smoking_status": {
      "chi2_statistic": 0.1903104575163399,
      "p_value": 0.9791381533655765,
      "distribution_difference": {
        "Unknown": 0.03999999999999998,
        "formerly smoked": 0.12,
        "never smoked": 0.019999999999999962,
        "smokes": 0.18000000000000002
      }
    },
    "hypertension": {
      "chi2_statistic": 0.0,
      "p_value": 1.0,
      "distribution_difference": {
        "0": 0.10999999999999999,
        "1": 0.11
      }
    },
    "heart_disease": {
      "chi2_statistic": 0.0,
      "p_value": 1.0,
      "distribution_difference": {
        "0": 0.06000000000000005,
        "1": 0.06
      }
    },
    "ever_married": {
      "chi2_statistic": "nan",
      "p_value": "nan",
      "distribution_difference": {}
    },
    "stroke": {
      "chi2_statistic": 0.0,
      "p_value": 1.0,
      "distribution_difference": {
        "0": 0.6299999999999999,
        "1": 0.63
      }
    }
  },
  "feature_correlations": {
    "correlation_matrix_distance": NaN,
    "real_correlations": {
      "age": {
        "age": "1.0",
        "avg_glucose_level": "0.2503738216272958",
        "bmi": "0.37209203034797633",
        "gender_encoded": "0.17342226581773582",
        "work_type_encoded": "-0.4602051957844814",
        "Residence_type_encoded": "-0.23925446072132792",
        "smoking_status_encoded": "0.46207795405043056",
        "hypertension": "0.4194838571835904",
        "heart_disease": "0.27081098772457235",
        "ever_married": "nan",
        "stroke": "0.24758169184193274"
      },
      "avg_glucose_level": {
        "age": "0.2503738216272958",
        "avg_glucose_level": "1.0",
        "bmi": "0.21900575869989633",
        "gender_encoded": "0.032751842137128805",
        "work_type_encoded": "-0.14719882522446506",
        "Residence_type_encoded": "0.12426869995108294",
        "smoking_status_encoded": "-0.11704418863913846",
        "hypertension": "0.13147746045125244",
        "heart_disease": "0.2053038851546068",
        "ever_married": "nan",
        "stroke": "0.3950224629261474"
      },
      "bmi": {
        "age": "0.37209203034797633",
        "avg_glucose_level": "0.21900575869989633",
        "bmi": "1.0",
        "gender_encoded": "0.13494357821305064",
        "work_type_encoded": "-0.41318364765441035",
        "Residence_type_encoded": "-0.1130633217263797",
        "smoking_status_encoded": "0.275274141491012",
        "hypertension": "0.059432677720961266",
        "heart_disease": "0.2057535006291852",
        "ever_married": "nan",
        "stroke": "0.16272419922592912"
      },
      "gender_encoded": {
        "age": "0.17342226581773582",
        "avg_glucose_level": "0.032751842137128805",
        "bmi": "0.13494357821305064",
        "gender_encoded": "1.0",
        "work_type_encoded": "0.059435836500705296",
        "Residence_type_encoded": "-0.12916280955024897",
        "smoking_status_encoded": "0.08508162635812465",
        "hypertension": "-0.05695565875461182",
        "heart_disease": "0.25601637583037695",
        "ever_married": "nan",
        "stroke": "0.27817432013209337"
      },
      "work_type_encoded": {
        "age": "-0.4602051957844814",
        "avg_glucose_level": "-0.14719882522446506",
        "bmi": "-0.41318364765441035",
        "gender_encoded": "0.059435836500705296",
        "work_type_encoded": "1.0",
        "Residence_type_encoded": "0.15247442984982496",
        "smoking_status_encoded": "-0.4827849917097629",
        "hypertension": "-0.006040271709002833",
        "heart_disease": "-0.08519826198635204",
        "ever_married": "nan",
        "stroke": "0.006807921404144814"
      },
      "Residence_type_encoded": {
        "age": "-0.23925446072132792",
        "avg_glucose_level": "0.12426869995108294",
        "bmi": "-0.1130633217263797",
        "gender_encoded": "-0.12916280955024897",
        "work_type_encoded": "0.15247442984982496",
        "Residence_type_encoded": "1.0",
        "smoking_status_encoded": "-0.11908166290007628",
        "hypertension": "-0.047125921836835706",
        "heart_disease": "-0.13438347874062637",
        "ever_married": "nan",
        "stroke": "0.13193885226541166"
      },
      "smoking_status_encoded": {
        "age": "0.46207795405043056",
        "avg_glucose_level": "-0.11704418863913846",
        "bmi": "0.275274141491012",
        "gender_encoded": "0.08508162635812465",
        "work_type_encoded": "-0.4827849917097629",
        "Residence_type_encoded": "-0.11908166290007628",
        "smoking_status_encoded": "1.0",
        "hypertension": "0.22889657070258881",
        "heart_disease": "0.05182682705059775",
        "ever_married": "nan",
        "stroke": "-0.09467009427161652"
      },
      "hypertension": {
        "age": "0.4194838571835904",
        "avg_glucose_level": "0.13147746045125244",
        "bmi": "0.059432677720961266",
        "gender_encoded": "-0.05695565875461182",
        "work_type_encoded": "-0.006040271709002833",
        "Residence_type_encoded": "-0.047125921836835706",
        "smoking_status_encoded": "0.22889657070258881",
        "hypertension": "1.0",
        "heart_disease": "0.04575599661042249",
        "ever_married": "nan",
        "stroke": "0.09133370363944024"
      },
      "heart_disease": {
        "age": "0.27081098772457235",
        "avg_glucose_level": "0.2053038851546068",
        "bmi": "0.2057535006291852",
        "gender_encoded": "0.25601637583037695",
        "work_type_encoded": "-0.08519826198635204",
        "Residence_type_encoded": "-0.13438347874062637",
        "smoking_status_encoded": "0.05182682705059775",
        "hypertension": "0.04575599661042249",
        "heart_disease": "1.0",
        "ever_married": "nan",
        "stroke": "0.37818779029489075"
      },
      "ever_married": {
        "age": "nan",
        "avg_glucose_level": "nan",
        "bmi": "nan",
        "gender_encoded": "nan",
        "work_type_encoded": "nan",
        "Residence_type_encoded": "nan",
        "smoking_status_encoded": "nan",
        "hypertension": "nan",
        "heart_disease": "nan",
        "ever_married": "nan",
        "stroke": "nan"
      },
      "stroke": {
        "age": "0.24758169184193274",