{
    "experiment_number": 1,
    "prompt_name": "PROMPT_3",
    "timestamp": "2025-02-20 11:47:35",
    "duration_seconds": 275.59134125709534,
    "records_generated": 100,
    "records_per_second": 0.36285610260415035,
    "system_info": {
        "initial": {
            "cpu_percent": 16.8,
            "memory_total_gb": 62.70842361450195,
            "memory_used_gb": 6.741512298583984,
            "memory_percent": 11.9,
            "gpu_name": "NVIDIA GeForce GTX 1080 Ti",
            "gpu_memory_total_mb": 11264.0,
            "gpu_memory_used_mb": 1293.0,
            "gpu_memory_percent": 11.479048295454545,
            "gpu_temperature": 80.0
        },
        "final": {
            "cpu_percent": 16.5,
            "memory_total_gb": 62.70842361450195,
            "memory_used_gb": 6.752841949462891,
            "memory_percent": 11.9,
            "gpu_name": "NVIDIA GeForce GTX 1080 Ti",
            "gpu_memory_total_mb": 11264.0,
            "gpu_memory_used_mb": 1295.0,
            "gpu_memory_percent": 11.496803977272728,
            "gpu_temperature": 80.0
        }
    }
}
