{
    "experiment_number": 1,
    "prompt_name": "PROMPT_2",
    "timestamp": "2025-02-20 11:42:58",
    "duration_seconds": 149.80692791938782,
    "records_generated": 100,
    "records_per_second": 0.6675258707248221,
    "system_info": {
        "initial": {
            "cpu_percent": 16.9,
            "memory_total_gb": 62.70842361450195,
            "memory_used_gb": 6.715656280517578,
            "memory_percent": 11.9,
            "gpu_name": "NVIDIA GeForce GTX 1080 Ti",
            "gpu_memory_total_mb": 11264.0,
            "gpu_memory_used_mb": 1267.0,
            "gpu_memory_percent": 11.248224431818182,
            "gpu_temperature": 80.0
        },
        "final": {
            "cpu_percent": 17.0,
            "memory_total_gb": 62.70842361450195,
            "memory_used_gb": 6.736827850341797,
            "memory_percent": 11.9,
            "gpu_name": "NVIDIA GeForce GTX 1080 Ti",
            "gpu_memory_total_mb": 11264.0,
            "gpu_memory_used_mb": 1293.0,
            "gpu_memory_percent": 11.479048295454545,
            "gpu_temperature": 80.0
        }
    }
}
