{
    "experiment_number": 3,
    "prompt_name": "PROMPT_4",
    "timestamp": "2025-02-20 12:19:02",
    "duration_seconds": 169.3622350692749,
    "records_generated": 100,
    "records_per_second": 0.5904504032973856,
    "system_info": {
        "initial": {
            "cpu_percent": 17.1,
            "memory_total_gb": 62.70842361450195,
            "memory_used_gb": 6.858234405517578,
            "memory_percent": 12.1,
            "gpu_name": "NVIDIA GeForce GTX 1080 Ti",
            "gpu_memory_total_mb": 11264.0,
            "gpu_memory_used_mb": 1295.0,
            "gpu_memory_percent": 11.496803977272728,
            "gpu_temperature": 80.0
        },
        "final": {
            "cpu_percent": 16.5,
            "memory_total_gb": 62.70842361450195,
            "memory_used_gb": 6.877941131591797,
            "memory_percent": 12.1,
            "gpu_name": "NVIDIA GeForce GTX 1080 Ti",
            "gpu_memory_total_mb": 11264.0,
            "gpu_memory_used_mb": 1299.0,
            "gpu_memory_percent": 11.532315340909092,
            "gpu_temperature": 81.0
        }
    }
}
