{
    "experiment_number": 1,
    "prompt_name": "PROMPT_1",
    "timestamp": "2025-02-20 11:40:27",
    "duration_seconds": 194.26169800758362,
    "records_generated": 100,
    "records_per_second": 0.5147695146579857,
    "system_info": {
        "initial": {
            "cpu_percent": 38.2,
            "memory_total_gb": 62.70842361450195,
            "memory_used_gb": 6.628986358642578,
            "memory_percent": 11.7,
            "gpu_name": "NVIDIA GeForce GTX 1080 Ti",
            "gpu_memory_total_mb": 11264.0,
            "gpu_memory_used_mb": 1143.0,
            "gpu_memory_percent": 10.147372159090908,
            "gpu_temperature": 82.0
        },
        "final": {
            "cpu_percent": 16.9,
            "memory_total_gb": 62.70842361450195,
            "memory_used_gb": 6.711711883544922,
            "memory_percent": 11.9,
            "gpu_name": "NVIDIA GeForce GTX 1080 Ti",
            "gpu_memory_total_mb": 11264.0,
            "gpu_memory_used_mb": 1265.0,
            "gpu_memory_percent": 11.23046875,
            "gpu_temperature": 80.0
        }
    }
}
