{
    "experiment_number": 5,
    "prompt_name": "PROMPT_4",
    "timestamp": "2025-02-20 12:46:48",
    "duration_seconds": 170.73704743385315,
    "records_generated": 100,
    "records_per_second": 0.585695966417259,
    "system_info": {
        "initial": {
            "cpu_percent": 16.7,
            "memory_total_gb": 62.70842361450195,
            "memory_used_gb": 6.933494567871094,
            "memory_percent": 12.2,
            "gpu_name": "NVIDIA GeForce GTX 1080 Ti",
            "gpu_memory_total_mb": 11264.0,
            "gpu_memory_used_mb": 1295.0,
            "gpu_memory_percent": 11.496803977272728,
            "gpu_temperature": 81.0
        },
        "final": {
            "cpu_percent": 17.1,
            "memory_total_gb": 62.70842361450195,
            "memory_used_gb": 6.9484710693359375,
            "memory_percent": 12.2,
            "gpu_name": "NVIDIA GeForce GTX 1080 Ti",
            "gpu_memory_total_mb": 11264.0,
            "gpu_memory_used_mb": 1299.0,
            "gpu_memory_percent": 11.532315340909092,
            "gpu_temperature": 81.0
        }
    }
}
