{
    "experiment_number": 2,
    "prompt_name": "PROMPT_1",
    "timestamp": "2025-02-20 11:53:40",
    "duration_seconds": 191.18642377853394,
    "records_generated": 100,
    "records_per_second": 0.523049691623699,
    "system_info": {
        "initial": {
            "cpu_percent": 17.0,
            "memory_total_gb": 62.70842361450195,
            "memory_used_gb": 6.791812896728516,
            "memory_percent": 12.0,
            "gpu_name": "NVIDIA GeForce GTX 1080 Ti",
            "gpu_memory_total_mb": 11264.0,
            "gpu_memory_used_mb": 1299.0,
            "gpu_memory_percent": 11.532315340909092,
            "gpu_temperature": 80.0
        },
        "final": {
            "cpu_percent": 16.6,
            "memory_total_gb": 62.70842361450195,
            "memory_used_gb": 6.798633575439453,
            "memory_percent": 12.0,
            "gpu_name": "NVIDIA GeForce GTX 1080 Ti",
            "gpu_memory_total_mb": 11264.0,
            "gpu_memory_used_mb": 1267.0,
            "gpu_memory_percent": 11.248224431818182,
            "gpu_temperature": 81.0
        }
    }
}
