{
    "experiment_number": 5,
    "prompt_name": "PROMPT_2",
    "timestamp": "2025-02-20 12:38:49",
    "duration_seconds": 131.7381615638733,
    "records_generated": 100,
    "records_per_second": 0.7590814902295032,
    "system_info": {
        "initial": {
            "cpu_percent": 16.8,
            "memory_total_gb": 62.70842361450195,
            "memory_used_gb": 6.912933349609375,
            "memory_percent": 12.2,
            "gpu_name": "NVIDIA GeForce GTX 1080 Ti",
            "gpu_memory_total_mb": 11264.0,
            "gpu_memory_used_mb": 1267.0,
            "gpu_memory_percent": 11.248224431818182,
            "gpu_temperature": 81.0
        },
        "final": {
            "cpu_percent": 16.5,
            "memory_total_gb": 62.70842361450195,
            "memory_used_gb": 6.9278564453125,
            "memory_percent": 12.2,
            "gpu_name": "NVIDIA GeForce GTX 1080 Ti",
            "gpu_memory_total_mb": 11264.0,
            "gpu_memory_used_mb": 1293.0,
            "gpu_memory_percent": 11.479048295454545,
            "gpu_temperature": 81.0
        }
    }
}
