{
    "experiment_number": 4,
    "prompt_name": "PROMPT_2",
    "timestamp": "2025-02-20 12:24:46",
    "duration_seconds": 149.5079128742218,
    "records_generated": 100,
    "records_per_second": 0.6688609189811119,
    "system_info": {
        "initial": {
            "cpu_percent": 16.6,
            "memory_total_gb": 62.70842361450195,
            "memory_used_gb": 6.8831024169921875,
            "memory_percent": 12.1,
            "gpu_name": "NVIDIA GeForce GTX 1080 Ti",
            "gpu_memory_total_mb": 11264.0,
            "gpu_memory_used_mb": 1267.0,
            "gpu_memory_percent": 11.248224431818182,
            "gpu_temperature": 81.0
        },
        "final": {
            "cpu_percent": 16.6,
            "memory_total_gb": 62.70842361450195,
            "memory_used_gb": 6.893192291259766,
            "memory_percent": 12.2,
            "gpu_name": "NVIDIA GeForce GTX 1080 Ti",
            "gpu_memory_total_mb": 11264.0,
            "gpu_memory_used_mb": 1293.0,
            "gpu_memory_percent": 11.479048295454545,
            "gpu_temperature": 81.0
        }
    }
}
