{
    "experiment_number": 5,
    "prompt_name": "PROMPT_1",
    "timestamp": "2025-02-20 12:36:37",
    "duration_seconds": 192.9119565486908,
    "records_generated": 100,
    "records_per_second": 0.5183711875047003,
    "system_info": {
        "initial": {
            "cpu_percent": 16.7,
            "memory_total_gb": 62.70842361450195,
            "memory_used_gb": 6.904155731201172,
            "memory_percent": 12.2,
            "gpu_name": "NVIDIA GeForce GTX 1080 Ti",
            "gpu_memory_total_mb": 11264.0,
            "gpu_memory_used_mb": 1299.0,
            "gpu_memory_percent": 11.532315340909092,
            "gpu_temperature": 81.0
        },
        "final": {
            "cpu_percent": 16.6,
            "memory_total_gb": 62.70842361450195,
            "memory_used_gb": 6.907737731933594,
            "memory_percent": 12.2,
            "gpu_name": "NVIDIA GeForce GTX 1080 Ti",
            "gpu_memory_total_mb": 11264.0,
            "gpu_memory_used_mb": 1267.0,
            "gpu_memory_percent": 11.248224431818182,
            "gpu_temperature": 81.0
        }
    }
}
