{
    "experiment_number": 2,
    "prompt_name": "PROMPT_2",
    "timestamp": "2025-02-20 11:56:08",
    "duration_seconds": 146.99697065353394,
    "records_generated": 100,
    "records_per_second": 0.6802861280433871,
    "system_info": {
        "initial": {
            "cpu_percent": 17.0,
            "memory_total_gb": 62.70842361450195,
            "memory_used_gb": 6.786731719970703,
            "memory_percent": 12.0,
            "gpu_name": "NVIDIA GeForce GTX 1080 Ti",
            "gpu_memory_total_mb": 11264.0,
            "gpu_memory_used_mb": 1267.0,
            "gpu_memory_percent": 11.248224431818182,
            "gpu_temperature": 81.0
        },
        "final": {
            "cpu_percent": 16.6,
            "memory_total_gb": 62.70842361450195,
            "memory_used_gb": 6.8039398193359375,
            "memory_percent": 12.0,
            "gpu_name": "NVIDIA GeForce GTX 1080 Ti",
            "gpu_memory_total_mb": 11264.0,
            "gpu_memory_used_mb": 1293.0,
            "gpu_memory_percent": 11.479048295454545,
            "gpu_temperature": 81.0
        }
    }
}
