{
    "experiment_number": 5,
    "prompt_name": "PROMPT_3",
    "timestamp": "2025-02-20 12:43:56",
    "duration_seconds": 305.2230932712555,
    "records_generated": 100,
    "records_per_second": 0.3276292069785453,
    "system_info": {
        "initial": {
            "cpu_percent": 16.6,
            "memory_total_gb": 62.70842361450195,
            "memory_used_gb": 6.932727813720703,
            "memory_percent": 12.2,
            "gpu_name": "NVIDIA GeForce GTX 1080 Ti",
            "gpu_memory_total_mb": 11264.0,
            "gpu_memory_used_mb": 1293.0,
            "gpu_memory_percent": 11.479048295454545,
            "gpu_temperature": 81.0
        },
        "final": {
            "cpu_percent": 16.7,
            "memory_total_gb": 62.70842361450195,
            "memory_used_gb": 6.929225921630859,
            "memory_percent": 12.2,
            "gpu_name": "NVIDIA GeForce GTX 1080 Ti",
            "gpu_memory_total_mb": 11264.0,
            "gpu_memory_used_mb": 1295.0,
            "gpu_memory_percent": 11.496803977272728,
            "gpu_temperature": 81.0
        }
    }
}
