{
    "experiment_number": 1,
    "prompt_name": "PROMPT_4",
    "timestamp": "2025-02-20 11:50:27",
    "duration_seconds": 171.79401636123657,
    "records_generated": 100,
    "records_per_second": 0.5820924507040275,
    "system_info": {
        "initial": {
            "cpu_percent": 17.4,
            "memory_total_gb": 62.70842361450195,
            "memory_used_gb": 6.7466583251953125,
            "memory_percent": 11.9,
            "gpu_name": "NVIDIA GeForce GTX 1080 Ti",
            "gpu_memory_total_mb": 11264.0,
            "gpu_memory_used_mb": 1295.0,
            "gpu_memory_percent": 11.496803977272728,
            "gpu_temperature": 80.0
        },
        "final": {
            "cpu_percent": 16.8,
            "memory_total_gb": 62.70842361450195,
            "memory_used_gb": 6.790199279785156,
            "memory_percent": 12.0,
            "gpu_name": "NVIDIA GeForce GTX 1080 Ti",
            "gpu_memory_total_mb": 11264.0,
            "gpu_memory_used_mb": 1299.0,
            "gpu_memory_percent": 11.532315340909092,
            "gpu_temperature": 80.0
        }
    }
}
