{
    "experiment_number": 4,
    "prompt_name": "PROMPT_1",
    "timestamp": "2025-02-20 12:22:15",
    "duration_seconds": 192.75309348106384,
    "records_generated": 100,
    "records_per_second": 0.5187984181941239,
    "system_info": {
        "initial": {
            "cpu_percent": 16.6,
            "memory_total_gb": 62.70842361450195,
            "memory_used_gb": 6.8700408935546875,
            "memory_percent": 12.1,
            "gpu_name": "NVIDIA GeForce GTX 1080 Ti",
            "gpu_memory_total_mb": 11264.0,
            "gpu_memory_used_mb": 1299.0,
            "gpu_memory_percent": 11.532315340909092,
            "gpu_temperature": 81.0
        },
        "final": {
            "cpu_percent": 16.8,
            "memory_total_gb": 62.70842361450195,
            "memory_used_gb": 6.8789215087890625,
            "memory_percent": 12.1,
            "gpu_name": "NVIDIA GeForce GTX 1080 Ti",
            "gpu_memory_total_mb": 11264.0,
            "gpu_memory_used_mb": 1267.0,
            "gpu_memory_percent": 11.248224431818182,
            "gpu_temperature": 82.0
        }
    }
}
