{
    "experiment_number": 2,
    "prompt_name": "PROMPT_3",
    "timestamp": "2025-02-20 12:01:31",
    "duration_seconds": 321.9077205657959,
    "records_generated": 100,
    "records_per_second": 0.31064803237473343,
    "system_info": {
        "initial": {
            "cpu_percent": 16.7,
            "memory_total_gb": 62.70842361450195,
            "memory_used_gb": 6.78839111328125,
            "memory_percent": 12.0,
            "gpu_name": "NVIDIA GeForce GTX 1080 Ti",
            "gpu_memory_total_mb": 11264.0,
            "gpu_memory_used_mb": 1293.0,
            "gpu_memory_percent": 11.479048295454545,
            "gpu_temperature": 81.0
        },
        "final": {
            "cpu_percent": 16.6,
            "memory_total_gb": 62.70842361450195,
            "memory_used_gb": 6.838176727294922,
            "memory_percent": 12.1,
            "gpu_name": "NVIDIA GeForce GTX 1080 Ti",
            "gpu_memory_total_mb": 11264.0,
            "gpu_memory_used_mb": 1277.0,
            "gpu_memory_percent": 11.337002840909092,
            "gpu_temperature": 80.0
        }
    }
}
