{
  "numerical_statistics": {
    "age": {
      "mean_difference": 4.814799999999991,
      "std_difference": 10.771837291364784,
      "relative_mean_error": 0.11960096578997026,
      "real_quartiles": [
        "19.75",
        "41.5",
        "59.25"
      ],
      "synthetic_quartiles": [
        "38.9",
        "45.2",
        "54.45"
      ]
    },
    "bmi": {
      "mean_difference": 0.40200000000000813,
      "std_difference": 2.502676694233105,
      "relative_mean_error": 0.014935909344232145,
      "real_quartiles": [
        "22.6875",
        "27.32",
        "27.915"
      ],
      "synthetic_quartiles": [
        "24.3",
        "28.3",
        "32.1"
      ]
    },
    "HbA1c_level": {
      "mean_difference": 0.18099999999999739,
      "std_difference": 0.35762866943681837,
      "relative_mean_error": 0.03181019332161641,
      "real_quartiles": [
        "4.8",
        "6.0",
        "6.5"
      ],
      "synthetic_quartiles": [
        "5.2",
        "5.7",
        "6.8"
      ]
    },
    "blood_glucose_level": {
      "mean_difference": 24.25,
      "std_difference": 9.634516737889903,
      "relative_mean_error": 0.1785188457008245,
      "real_quartiles": [
        "100.0",
        "142.5",
        "159.0"
      ],
      "synthetic_quartiles": [
        "130.0",
        "155.0",
        "185.0"
      ]
    }
  },
  "categorical_similarity": {
    "gender": {
      "chi2_statistic": 0.0,
      "p_value": 1.0,
      "distribution_difference": {
        "Female": 0.06999999999999995,
        "Male": 0.07
      }
    },
    "smoking_history": {
      "chi2_statistic": 0.7868682868809064,
      "p_value": 0.977863353305782,
      "distribution_difference": {
        "No Info": 0.3,
        "current": 0.37,
        "ever": 0.05,
        "former": 0.19,
        "never": 0.12999999999999998,
        "not current": 0.08
      }
    },
    "hypertension": {
      "chi2_statistic": 0.0,
      "p_value": 1.0,
      "distribution_difference": {
        "0": 0.27,
        "1": 0.27
      }
    },
    "heart_disease": {
      "chi2_statistic": 0.0,
      "p_value": 1.0,
      "distribution_difference": {
        "0": 0.27,
        "1": 0.27
      }
    },
    "diabetes": {
      "chi2_statistic": 0.0,
      "p_value": 1.0,
      "distribution_difference": {
        "0": 0.14,
        "1": 0.14
      }
    }
  },
  "feature_correlations": {
    "correlation_matrix_distance": 1.5086745094692107,
    "real_correlations": {
      "age": {
        "age": "1.0",
        "bmi": "0.3617441399297491",
        "HbA1c_level": "0.10727327949316677",
        "blood_glucose_level": "-0.09554457239918926"
      },
      "bmi": {
        "age": "0.3617441399297491",
        "bmi": "1.0",
        "HbA1c_level": "0.14739704956111913",
        "blood_glucose_level": "0.010222470876506143"
      },
      "HbA1c_level": {
        "age": "0.10727327949316677",
        "bmi": "0.14739704956111913",
        "HbA1c_level": "1.0",
        "blood_glucose_level": "0.11998058254083832"
      },
      "blood_glucose_level": {
        "age": "-0.09554457239918926",
        "bmi": "0.010222470876506143",
        "HbA1c_level": "0.11998058254083832",
        "blood_glucose_level": "1.0"
      }
    },
    "synthetic_correlations": {
      "age": {
        "age": "1.0",
        "bmi": "0.6882149943996216",
        "HbA1c_level": "0.5364215306373273",
        "blood_glucose_level": "0.4429406848350082"
      },
      "bmi": {
        "age": "0.6882149943996216",
        "bmi": "1.0",
        "HbA1c_level": "0.34251553504969784",
        "blood_glucose_level": "0.31129371772385916"
      },
      "HbA1c_level": {
        "age": "0.5364215306373273",
        "bmi": "0.34251553504969784",
        "HbA1c_level": "1.0",
        "blood_glucose_level": "0.7746686427393918"
      },
      "blood_glucose_level": {
        "age": "0.4429406848350082",
        "bmi": "0.31129371772385916",
        "HbA1c_level": "0.7746686427393918",
        "blood_glucose_level": "1.0"
      }
    }
  },
  "medical_consistency": {
    "hba1c_diabetes_relationship": {
      "real_difference": 2.1111111111111107,
      "synthetic_difference": 1.2064935064935067
    },
    "glucose_diabetes_relationship": {
      "real_difference": 18.490842490842482,
      "synthetic_difference": 32.35064935064935
    }
  },
  "distribution_metrics": {
    "age": {
      "wasserstein": 0.09277367035022518,
      "jensen_shannon": 0.6112426342453188,
      "kl_divergence": 10.977446248620316
    },
    "bmi": {
      "wasserstein": 0.12972002154636608,
      "jensen_shannon": 0.6223818355500967,
      "kl_divergence": 13.683448997075592
    },
    "HbA1c_level": {
      "wasserstein": 0.08071933962264152,
      "jensen_shannon": 0.6674100009543332,
      "kl_divergence": 12.307356856441682
    },
    "blood_glucose_level": {
      "wasserstein": 0.0794333333333333,
      "jensen_shannon": 0.6633337229642463,
      "kl_divergence": 10.8219754650619
    }
  },
  "advanced_metrics": {
    "numerical_metrics": {
      "age": {
        "ks_statistic": 0.32,
        "ks_pvalue": 6.281176788972264e-05,
        "quartile_differences": 9.216666666666667,
        "std_difference": 10.771837291364784,
        "range_coverage": 0.5171543895055499
      },
      "bmi": {
        "ks_statistic": 0.28,
        "ks_pvalue": 0.0007377026282063397,
        "quartile_differences": 2.2591666666666677,
        "std_difference": 2.502676694233105,
        "range_coverage": 0.6684898207231844
      },
      "HbA1c_level": {
        "ks_statistic": 0.31,
        "ks_pvalue": 0.00012016164291946694,
        "quartile_differences": 0.3333333333333333,
        "std_difference": 0.35762866943681837,
        "range_coverage": 0.9056603773584906
      },
      "blood_glucose_level": {
        "ks_statistic": 0.36,
        "ks_pvalue": 3.751914289152195e-06,
        "quartile_differences": 22.833333333333332,
        "std_difference": 9.634516737889903,
        "range_coverage": 0.7083333333333334
      }
    },
    "categorical_metrics": {
      "gender": {
        "category_preservation": "1.0",
        "distribution_difference": 0.06999999999999998,
        "mutual_information": 0.004553700539770611
      },
      "smoking_history": {
        "category_preservation": "0.5",
        "distribution_difference": 0.18666666666666665,
        "mutual_information": 0.0629689998653627
      }
    },
    "privacy_metrics": {
      "nn_distance_ratio": 0.3105198925592151,
      "identifiability_score": "0.0"
    },
    "statistical_tests": {
      "age": {
        "anderson_darling_statistic": 9.925303312746928,
        "anderson_darling_pvalue": 0.001
      },
      "bmi": {
        "anderson_darling_statistic": 4.243813653843042,
        "anderson_darling_pvalue": "0.006546995164414334"
      },
      "HbA1c_level": {
        "anderson_darling_statistic": 8.394780592071326,
        "anderson_darling_pvalue": 0.001
      },
      "blood_glucose_level": {
        "anderson_darling_statistic": 16.353576342160714,
        "anderson_darling_pvalue": 0.001
      }
    }
  },
  "privacy_assessment": {
    "age_violations": {
      "records_below_k": "29",
      "violation_rate": "0.29"
    },
    "gender_violations": {
      "records_below_k": "0",
      "violation_rate": "0.0"
    },
    "bmi_violations": {
      "records_below_k": "27",
      "violation_rate": "0.27"
    },
    "age_gender_violations": {
      "records_below_k": "32",
      "violation_rate": "0.32"
    },
    "age_bmi_violations": {
      "records_below_k": "32",
      "violation_rate": "0.32"
    },
    "gender_bmi_violations": {
      "records_below_k": "28",
      "violation_rate": "0.28"
    },
    "age_gender_bmi_violations": {
      "records_below_k": "32",
      "violation_rate": "0.32"
    }
  }
}