{
  "numerical_statistics": {
    "age": {
      "mean_difference": 5.890799999999992,
      "std_difference": 11.391686921243224,
      "relative_mean_error": 0.14632910386216605,
      "real_quartiles": [
        "19.75",
        "41.5",
        "59.25"
      ],
      "synthetic_quartiles": [
        "38.9",
        "45.2",
        "62.7"
      ]
    },
    "bmi": {
      "mean_difference": 0.41500000000001336,
      "std_difference": 2.4565430145841294,
      "relative_mean_error": 0.015418911387702523,
      "real_quartiles": [
        "22.6875",
        "27.32",
        "27.915"
      ],
      "synthetic_quartiles": [
        "24.3",
        "28.5",
        "32.1"
      ]
    },
    "HbA1c_level": {
      "mean_difference": 0.07500000000000018,
      "std_difference": 0.4492846504941813,
      "relative_mean_error": 0.013181019332161715,
      "real_quartiles": [
        "4.8",
        "6.0",
        "6.5"
      ],
      "synthetic_quartiles": [
        "5.2",
        "5.7",
        "6.8"
      ]
    },
    "blood_glucose_level": {
      "mean_difference": 17.72,
      "std_difference": 12.561821861473831,
      "relative_mean_error": 0.13044758539458184,
      "real_quartiles": [
        "100.0",
        "142.5",
        "159.0"
      ],
      "synthetic_quartiles": [
        "130.0",
        "155.0",
        "185.0"
      ]
    }
  },
  "categorical_similarity": {
    "gender": {
      "chi2_statistic": 0.0,
      "p_value": 1.0,
      "distribution_difference": {
        "Female": 0.12,
        "Male": 0.12
      }
    },
    "smoking_history": {
      "chi2_statistic": 0.7419400839514693,
      "p_value": 0.9805878640576827,
      "distribution_difference": {
        "No Info": 0.3,
        "current": 0.24000000000000002,
        "ever": 0.05,
        "former": 0.29000000000000004,
        "never": 0.09999999999999998,
        "not current": 0.08
      }
    },
    "hypertension": {
      "chi2_statistic": 0.0,
      "p_value": 1.0,
      "distribution_difference": {
        "0": 0.32000000000000006,
        "1": 0.32
      }
    },
    "heart_disease": {
      "chi2_statistic": 0.0,
      "p_value": 1.0,
      "distribution_difference": {
        "0": 0.35,
        "1": 0.35000000000000003
      }
    },
    "diabetes": {
      "chi2_statistic": 0.0,
      "p_value": 1.0,
      "distribution_difference": {
        "0": 0.19000000000000006,
        "1": 0.19000000000000003
      }
    }
  },
  "feature_correlations": {
    "correlation_matrix_distance": 2.4597107787038035,
    "real_correlations": {
      "age": {
        "age": "1.0",
        "bmi": "0.3617441399297491",
        "HbA1c_level": "0.10727327949316677",
        "blood_glucose_level": "-0.09554457239918926"
      },
      "bmi": {
        "age": "0.3617441399297491",
        "bmi": "1.0",
        "HbA1c_level": "0.14739704956111913",
        "blood_glucose_level": "0.010222470876506143"
      },
      "HbA1c_level": {
        "age": "0.10727327949316677",
        "bmi": "0.14739704956111913",
        "HbA1c_level": "1.0",
        "blood_glucose_level": "0.11998058254083832"
      },
      "blood_glucose_level": {
        "age": "-0.09554457239918926",
        "bmi": "0.010222470876506143",
        "HbA1c_level": "0.11998058254083832",
        "blood_glucose_level": "1.0"
      }
    },
    "synthetic_correlations": {
      "age": {
        "age": "1.0",
        "bmi": "0.8414647616008485",
        "HbA1c_level": "0.9031774059883256",
        "blood_glucose_level": "0.8291526466870173"
      },
      "bmi": {
        "age": "0.8414647616008485",
        "bmi": "1.0",
        "HbA1c_level": "0.7375509377843935",
        "blood_glucose_level": "0.6106022439008738"
      },
      "HbA1c_level": {
        "age": "0.9031774059883256",
        "bmi": "0.7375509377843935",
        "HbA1c_level": "1.0",
        "blood_glucose_level": "0.8930852800946067"
      },
      "blood_glucose_level": {
        "age": "0.8291526466870173",
        "bmi": "0.6106022439008738",
        "HbA1c_level": "0.8930852800946067",
        "blood_glucose_level": "1.0"
      }
    }
  },
  "medical_consistency": {
    "hba1c_diabetes_relationship": {
      "real_difference": 2.1111111111111107,
      "synthetic_difference": 1.328373015873015
    },
    "glucose_diabetes_relationship": {
      "real_difference": 18.490842490842482,
      "synthetic_difference": 42.029761904761926
    }
  },
  "distribution_metrics": {
    "age": {
      "wasserstein": 0.11316899357902713,
      "jensen_shannon": 0.6761804705129798,
      "kl_divergence": 15.634836869897182
    },
    "bmi": {
      "wasserstein": 0.2777251911458263,
      "jensen_shannon": 0.7499807085691698,
      "kl_divergence": 19.784857062557528
    },
    "HbA1c_level": {
      "wasserstein": 0.2048427672955976,
      "jensen_shannon": 0.5917810436648305,
      "kl_divergence": 11.978936267385619
    },
    "blood_glucose_level": {
      "wasserstein": 0.17157142857142854,
      "jensen_shannon": 0.7223832594977445,
      "kl_divergence": 13.97258343393991
    }
  },
  "advanced_metrics": {
    "numerical_metrics": {
      "age": {
        "ks_statistic": 0.38,
        "ks_pvalue": 8.001543644272532e-07,
        "quartile_differences": 8.766666666666667,
        "std_difference": 11.391686921243224,
        "range_coverage": 0.5070635721493442
      },
      "bmi": {
        "ks_statistic": 0.37,
        "ks_pvalue": 1.7527190839835072e-06,
        "quartile_differences": 2.325833333333334,
        "std_difference": 2.4565430145841294,
        "range_coverage": 0.5882710422364023
      },
      "HbA1c_level": {
        "ks_statistic": 0.3,
        "ks_pvalue": 0.0002248739317492479,
        "quartile_differences": 0.3333333333333333,
        "std_difference": 0.4492846504941813,
        "range_coverage": 0.5094339622641509
      },
      "blood_glucose_level": {
        "ks_statistic": 0.37,
        "ks_pvalue": 1.7527190839835072e-06,
        "quartile_differences": 22.833333333333332,
        "std_difference": 12.561821861473831,
        "range_coverage": 0.5833333333333334
      }
    },
    "categorical_metrics": {
      "gender": {
        "category_preservation": "1.0",
        "distribution_difference": 0.12,
        "mutual_information": 0.0034265074480700486
      },
      "smoking_history": {
        "category_preservation": "0.5",
        "distribution_difference": 0.17666666666666667,
        "mutual_information": 0.04453755404963279
      }
    },
    "privacy_metrics": {
      "nn_distance_ratio": 0.18067715928756925,
      "identifiability_score": "0.0"
    },
    "statistical_tests": {
      "age": {
        "anderson_darling_statistic": 11.341222490336994,
        "anderson_darling_pvalue": 0.001
      },
      "bmi": {
        "anderson_darling_statistic": 6.121464000651586,
        "anderson_darling_pvalue": "0.0014050701509775417"
      },
      "HbA1c_level": {
        "anderson_darling_statistic": 8.01109767156268,
        "anderson_darling_pvalue": 0.001
      },
      "blood_glucose_level": {
        "anderson_darling_statistic": 11.652243101986347,
        "anderson_darling_pvalue": 0.001
      }
    }
  },
  "privacy_assessment": {
    "age_violations": {
      "records_below_k": "12",
      "violation_rate": "0.12"
    },
    "gender_violations": {
      "records_below_k": "0",
      "violation_rate": "0.0"
    },
    "bmi_violations": {
      "records_below_k": "11",
      "violation_rate": "0.11"
    },
    "age_gender_violations": {
      "records_below_k": "14",
      "violation_rate": "0.14"
    },
    "age_bmi_violations": {
      "records_below_k": "14",
      "violation_rate": "0.14"
    },
    "gender_bmi_violations": {
      "records_below_k": "12",
      "violation_rate": "0.12"
    },
    "age_gender_bmi_violations": {
      "records_below_k": "16",
      "violation_rate": "0.16"
    }
  }
}