{
  "numerical_statistics": {
    "age": {
      "mean_difference": 21.637200000000004,
      "std_difference": 16.097189933924298,
      "relative_mean_error": 0.5374740419105154,
      "real_quartiles": [
        "19.75",
        "41.5",
        "59.25"
      ],
      "synthetic_quartiles": [
        "18.0",
        "18.0",
        "18.0"
      ]
    },
    "bmi": {
      "mean_difference": 10.924999999999995,
      "std_difference": 0.2637276544197533,
      "relative_mean_error": 0.4059074865316737,
      "real_quartiles": [
        "22.6875",
        "27.32",
        "27.915"
      ],
      "synthetic_quartiles": [
        "15.0",
        "15.0",
        "15.0"
      ]
    },
    "HbA1c_level": {
      "mean_difference": 1.6250000000000009,
      "std_difference": 0.6333071540774052,
      "relative_mean_error": 0.28558875219683666,
      "real_quartiles": [
        "4.8",
        "6.0",
        "6.5"
      ],
      "synthetic_quartiles": [
        "4.0",
        "4.0",
        "4.0"
      ]
    },
    "blood_glucose_level": {
      "mean_difference": 65.54,
      "std_difference": 32.52086312537629,
      "relative_mean_error": 0.48247938751472325,
      "real_quartiles": [
        "100.0",
        "142.5",
        "159.0"
      ],
      "synthetic_quartiles": [
        "70.0",
        "70.0",
        "70.0"
      ]
    }
  },
  "categorical_similarity": {
    "gender": {
      "chi2_statistic": 0.0,
      "p_value": 1.0,
      "distribution_difference": {
        "Female": 0.54,
        "Male": 0.54
      }
    },
    "smoking_history": {
      "chi2_statistic": 0.9411764705882355,
      "p_value": 0.9671694053147158,
      "distribution_difference": {
        "No Info": 0.3,
        "current": 0.1,
        "ever": 0.05,
        "former": 0.11,
        "never": 0.64,
        "not current": 0.08
      }
    },
    "hypertension": {
      "chi2_statistic": 0.0,
      "p_value": 1.0,
      "distribution_difference": {
        "0": 0.07000000000000006,
        "1": 0.07
      }
    },
    "heart_disease": {
      "chi2_statistic": 0.0,
      "p_value": 1.0,
      "distribution_difference": {
        "0": 0.05999999999999994,
        "1": 0.060000000000000005
      }
    },
    "diabetes": {
      "chi2_statistic": 0.0,
      "p_value": 1.0,
      "distribution_difference": {
        "0": 0.050000000000000044,
        "1": 0.05000000000000002
      }
    }
  },
  "feature_correlations": {
    "correlation_matrix_distance": 1.172310477105775,
    "real_correlations": {
      "age": {
        "age": "1.0",
        "bmi": "0.3617441399297491",
        "HbA1c_level": "0.10727327949316677",
        "blood_glucose_level": "-0.09554457239918926"
      },
      "bmi": {
        "age": "0.3617441399297491",
        "bmi": "1.0",
        "HbA1c_level": "0.14739704956111913",
        "blood_glucose_level": "0.010222470876506143"
      },
      "HbA1c_level": {
        "age": "0.10727327949316677",
        "bmi": "0.14739704956111913",
        "HbA1c_level": "1.0",
        "blood_glucose_level": "0.11998058254083832"
      },
      "blood_glucose_level": {
        "age": "-0.09554457239918926",
        "bmi": "0.010222470876506143",
        "HbA1c_level": "0.11998058254083832",
        "blood_glucose_level": "1.0"
      }
    },
    "synthetic_correlations": {
      "age": {
        "age": "1.0",
        "bmi": "-0.0157736127130649",
        "HbA1c_level": "-0.012612630057404204",
        "blood_glucose_level": "-0.010101010101010095"
      },
      "bmi": {
        "age": "-0.0157736127130649",
        "bmi": "1.0",
        "HbA1c_level": "-0.019695727440046783",
        "blood_glucose_level": "0.7012087833353347"
      },
      "HbA1c_level": {
        "age": "-0.012612630057404204",
        "bmi": "-0.019695727440046783",
        "HbA1c_level": "1.0",
        "blood_glucose_level": "-0.01261263005740413"
      },
      "blood_glucose_level": {
        "age": "-0.010101010101010095",
        "bmi": "0.7012087833353347",
        "HbA1c_level": "-0.01261263005740413",
        "blood_glucose_level": "1.0"
      }
    }
  },
  "medical_consistency": {
    "hba1c_diabetes_relationship": {
      "real_difference": 2.1111111111111107,
      "synthetic_difference": -0.0755813953488369
    },
    "glucose_diabetes_relationship": {
      "real_difference": 18.490842490842482,
      "synthetic_difference": 2.142857142857139
    }
  },
  "distribution_metrics": {
    "age": {
      "wasserstein": 0.48870332996972754,
      "jensen_shannon": 0.7720504537162777,
      "kl_divergence": 21.350220653047778
    },
    "bmi": {
      "wasserstein": 0.3267268307505317,
      "jensen_shannon": 0.7922037895148418,
      "kl_divergence": 22.2555771736518
    },
    "HbA1c_level": {
      "wasserstein": 0.4002075471698113,
      "jensen_shannon": 0.7340477681481221,
      "kl_divergence": 21.336326430550045
    },
    "blood_glucose_level": {
      "wasserstein": 0.4553333333333333,
      "jensen_shannon": 0.7305720924919936,
      "kl_divergence": 19.927888789825513
    }
  },
  "advanced_metrics": {
    "numerical_metrics": {
      "age": {
        "ks_statistic": 0.77,
        "ks_pvalue": 1.923609841119e-29,
        "quartile_differences": 22.166666666666668,
        "std_difference": 16.097189933924298,
        "range_coverage": 0.7820383451059536
      },
      "bmi": {
        "ks_statistic": 0.95,
        "ks_pvalue": 5.600644140061753e-50,
        "quartile_differences": 10.974166666666667,
        "std_difference": 0.2637276544197533,
        "range_coverage": 1.0
      },
      "HbA1c_level": {
        "ks_statistic": 0.87,
        "ks_pvalue": 1.9509242595079607e-39,
        "quartile_differences": 1.7666666666666666,
        "std_difference": 0.6333071540774052,
        "range_coverage": 0.9056603773584906
      },
      "blood_glucose_level": {
        "ks_statistic": 0.99,
        "ks_pvalue": 4.417521386399011e-57,
        "quartile_differences": 63.833333333333336,
        "std_difference": 32.52086312537629,
        "range_coverage": 0.16666666666666666
      }
    },
    "categorical_metrics": {
      "gender": {
        "category_preservation": "1.0",
        "distribution_difference": 0.54,
        "mutual_information": 0.011756495223955221
      },
      "smoking_history": {
        "category_preservation": "0.16666666666666666",
        "distribution_difference": 0.21333333333333337,
        "mutual_information": "0.0"
      }
    },
    "privacy_metrics": {
      "nn_distance_ratio": 0.20417174205361582,
      "identifiability_score": "0.0"
    },
    "statistical_tests": {
      "age": {
        "anderson_darling_statistic": 53.00911990728252,
        "anderson_darling_pvalue": 0.001
      },
      "bmi": {
        "anderson_darling_statistic": 163.16503981384736,
        "anderson_darling_pvalue": 0.001
      },
      "HbA1c_level": {
        "anderson_darling_statistic": 101.7460515009451,
        "anderson_darling_pvalue": 0.001
      },
      "blood_glucose_level": {
        "anderson_darling_statistic": 180.98427249128585,
        "anderson_darling_pvalue": 0.001
      }
    }
  },
  "privacy_assessment": {
    "age_violations": {
      "records_below_k": "1",
      "violation_rate": "0.01"
    },
    "gender_violations": {
      "records_below_k": "1",
      "violation_rate": "0.01"
    },
    "bmi_violations": {
      "records_below_k": "2",
      "violation_rate": "0.02"
    },
    "age_gender_violations": {
      "records_below_k": "2",
      "violation_rate": "0.02"
    },
    "age_bmi_violations": {
      "records_below_k": "3",
      "violation_rate": "0.03"
    },
    "gender_bmi_violations": {
      "records_below_k": "3",
      "violation_rate": "0.03"
    },
    "age_gender_bmi_violations": {
      "records_below_k": "4",
      "violation_rate": "0.04"
    }
  }
}